"Connector Name","Connector PartNumber","Pin Name","Pin PreferredSignal","Signal Name","Wire WireColor","Wire WireCSA","MulticoreInnerToOutter1","MulticoreInnerToOutter2","MulticoreInnerToOutter4","MulticoreInnerToOutter3","MulticoreInnerToOutter5","MulticoreInnerToOutter6","MulticoreInnerToOutter7","MulticoreInnerToOutter8","MulticoreInnerToOutter9"
"ILC9A","","1","","2N-SPKR-RT-1","B/W","0.75","MC3327"
"ILC9A","","2","","2N-SPKR-RT-2","R/W","0.75","MC3327"
"ILC2A","C-70908","22","",""
"ILC2A","C-70908","10","","7N-POWER-MIRROR-LT","W","0.5"
"ILC2A","C-70908","7","",""
"ILC2A","C-70908","4","",""
"ILC2A","C-70908","15","",""
"ILC2A","C-70908","18","",""
"ILC2A","C-70908","11","","7N-POWER-MIRROR-DN","W","0.5"
"ILC2A","C-70908","13","","7N-POWER-MIRROR-UP","W","0.5"
"ILC2A","C-70908","24","",""
"ILC2A","C-70908","12","",""
"ILC2A","C-70908","1","",""
"ILC2A","C-70908","16","",""
"ILC2A","C-70908","5","",""
"ILC2A","C-70908","20","",""
"ILC2A","C-70908","6","","5N-GND-CTSY-LP","B","1.0"
"ILC2A","C-70908","23","",""
"ILC2A","C-70908","9","",""
"ILC2A","C-70908","14","",""
"ILC2A","C-70908","2","",""
"ILC2A","C-70908","3","",""
"ILC2A","C-70908","19","",""
"ILC2A","C-70908","17","",""
"ILC2A","C-70908","26","",""
"ILC2A","C-70908","21","",""
"ILC2A","C-70908","8","",""
"ILC2A","C-70908","25","","7N-POWER-MIRROR-RT","W","0.5"
"ILC1B","C-70908","5","",""
"ILC1B","C-70908","19","","6N-POWER-1","R/W","1.5"
"ILC1B","C-70908","15","",""
"ILC1B","C-70908","12","","5N-GND-CTSY-LP","B","1.0"
"ILC1B","C-70908","24","",""
"ILC1B","C-70908","21","","5N-POWER-1","O","0.5"
"ILC1B","C-70908","23","","8N-WINDOW-UP-PASS","Y","2.5"
"ILC1B","C-70908","14","",""
"ILC1B","C-70908","10","","4N-FUEL-LID","G","1.0"
"ILC1B","C-70908","2","","4N-TRUNK","K","1.0"
"ILC1B","C-70908","16","","4N-POWER-1","Y","1.0"
"ILC1B","C-70908","1","","5N-CTSY-LP","LG","0.5"
"ILC1B","C-70908","13","","8N-WINDOW-DWN-PASS","Y","2.5"
"ILC1B","C-70908","26","",""
"ILC1B","C-70908","3","","DOOR_ECU_CAN_L","R","0.75","MC3315"
"ILC1B","C-70908","6","","6N-PASS-DOOR-LOCK","P","1.5"
"ILC1B","C-70908","4","","DOOR_ECU_CAN_H","B","0.75","MC3315"
"ILC1B","C-70908","7","","2N-SPKR-LF-1","B/W","0.75","MC3320"
"ILC1B","C-70908","25","","7N-8N-POWER","U/W","2.5"
"ILC1B","C-70908","22","",""
"ILC1B","C-70908","9","","5N-GND-CTSY-LP","B","1.0"
"ILC1B","C-70908","8","",""
"ILC1B","C-70908","18","","6N-PASS-DOOR-UNLOCK","U","1.5"
"ILC1B","C-70908","17","",""
"ILC1B","C-70908","11","","6N-POWER-LOCKOUT","P","1.5"
"ILC1B","C-70908","20","","2N-SPKR-LF-2","G/B","0.75","MC3320"
"ILC4A","C-70908","22","","4N-FUEL-LID","G","1.0"
"ILC4A","C-70908","26","","5N-GND-CTSY-LP","B","1.0"
"ILC4A","C-70908","5","",""
"ILC4A","C-70908","18","",""
"ILC4A","C-70908","10","","4N-TRUNK","K","1.0"
"ILC4A","C-70908","8","",""
"ILC4A","C-70908","6","","7N-8N-POWER","U/W","2.5"
"ILC4A","C-70908","4","",""
"ILC4A","C-70908","19","","8N-WINDOW-DWN-PASS","Y","2.5"
"ILC4A","C-70908","7","","5N-GND-CTSY-LP","B","1.0"
"ILC4A","C-70908","24","",""
"ILC4A","C-70908","2","","6N-POWER-LOCKOUT","P","1.5"
"ILC4A","C-70908","1","",""
"ILC4A","C-70908","13","","8N-WINDOW-UP-PASS","Y","2.5"
"ILC4A","C-70908","3","","2N-SPKR-RF-2","Y","0.75","MC3318"
"ILC4A","C-70908","9","",""
"ILC4A","C-70908","15","","6N-PASS-DOOR-UNLOCK","U","1.5"
"ILC4A","C-70908","16","DOOR_ECU_CAN_H","DOOR_ECU_CAN_H","B","0.75","MC3317"
"ILC4A","C-70908","14","","6N-PASS-DOOR-LOCK","P","1.5"
"ILC4A","C-70908","23","","4N-POWER-1","Y","1.0"
"ILC4A","C-70908","25","","5N-POWER-1","O","0.5"
"ILC4A","C-70908","20","","2N-SPKR-RF-1","B","0.75","MC3318"
"ILC4A","C-70908","11","","5N-CTSY-LP","LG","0.5"
"ILC4A","C-70908","17","DOOR_ECU_CAN_L","DOOR_ECU_CAN_L","R","0.75","MC3317"
"ILC4A","C-70908","21","","6N-POWER-1","R/W","1.5"
"ILC4A","C-70908","12","",""
"ILC8B","","11","","2N-POWER-3","K","1.5"
"ILC8B","","22","","10-AJARLTRR-1","U","0.35"
"ILC8B","","36","",""
"ILC8B","","15","","3N-STOP-1","O","0.5"
"ILC8B","","1","","2N-AUDIO-COMMON","G/W","0.35"
"ILC8B","","26","","2N-SPKR-RR-2","R/W","0.75","MC3323"
"ILC8B","","28","","2N-SPKR-LR-2","Y/B","0.75","MC3325"
"ILC8B","","30","","2N-SPKR-RT-2","R/W","0.75","MC3328"
"ILC8B","","21","","10-AJARLT-1","LG","0.35"
"ILC8B","","29","","2N-SPKR-RT-1","B/W","0.75","MC3328"
"ILC8B","","7","","2N-AUX_AUDIO-2","B/O","0.35"
"ILC8B","","25","","2N-SPKR-RR-1","U/W","0.75","MC3323"
"ILC8B","","9","","2N-AUX_AUDIO-4","B/U","0.35"
"ILC8B","","33","",""
"ILC8B","","20","","4N-TRUNK","K","1.0"
"ILC8B","","18","","3N-TURNRTRR-1","S","0.75"
"ILC8B","","8","","2N-AUX_AUDIO-3","B/R","0.35"
"ILC8B","","16","","3N-STOP-2","Y","0.5"
"ILC8B","","17","","3N-TURNLTRR-1","P","0.75"
"ILC8B","","31","","2N-SPKR-LT-1","Y/B","0.75","MC3331"
"ILC8B","","2","","2N-AUDIO-LEFT","G/O","0.35"
"ILC8B","","38","",""
"ILC8B","","23","","10-AJARRT-1","N","0.35"
"ILC8B","","10","","2N-GND-1","B","0.35"
"ILC8B","","6","","2N-AUX_AUDIO-1","B/W","0.35"
"ILC8B","","5","","2N-AUX-CTL-2","N/O","0.35"
"ILC8B","","19","","4N-FUEL-LID","G","1.0"
"ILC8B","","37","",""
"ILC8B","","12","","2N-SBWFR-1","B","1.0"
"ILC8B","","3","","2N-AUDIO-RIGHT","G/B","0.35"
"ILC8B","","4","","2N-AUX-CTL-1","N/W","0.35"
"ILC8B","","13","","2N-SBWFR-2","U","1.0"
"ILC8B","","34","",""
"ILC8B","","27","","2N-SPKR-LR-1","G/B","0.75","MC3325"
"ILC8B","","40","",""
"ILC8B","","32","","2N-SPKR-LT-2","Y/G","0.75","MC3331"
"ILC8B","","14","","3N-PARKRR-1","Y","0.75"
"ILC8B","","24","","10-AJARRTRR-1","P","0.35"
"ILC8B","","39","",""
"ILC8B","","35","",""
"ILC4B","C-70909","17","DOOR_ECU_CAN_L","DOOR_ECU_CAN_L","R","0.75","MC3316"
"ILC4B","C-70909","4","",""
"ILC4B","C-70909","5","",""
"ILC4B","C-70909","2","","6N-POWER-LOCKOUT","P","1.5"
"ILC4B","C-70909","8","",""
"ILC4B","C-70909","15","","6N-PASS-DOOR-UNLOCK","U","1.5"
"ILC4B","C-70909","22","","4N-FUEL-LID","G","1.0"
"ILC4B","C-70909","9","",""
"ILC4B","C-70909","20","","2N-SPKR-RF-1","B","0.75","MC3319"
"ILC4B","C-70909","18","",""
"ILC4B","C-70909","21","","6N-POWER-1","R/W","1.5"
"ILC4B","C-70909","19","","8N-WINDOW-DWN-PASS","Y","2.5"
"ILC4B","C-70909","10","","4N-TRUNK","K","1.0"
"ILC4B","C-70909","24","",""
"ILC4B","C-70909","23","","4N-POWER-1","Y","1.0"
"ILC4B","C-70909","3","","2N-SPKR-RF-2","Y","0.75","MC3319"
"ILC4B","C-70909","6","","7N-8N-POWER","U/W","2.5"
"ILC4B","C-70909","14","","6N-PASS-DOOR-LOCK","P","1.5"
"ILC4B","C-70909","1","",""
"ILC4B","C-70909","25","","5N-POWER-1","O","0.5"
"ILC4B","C-70909","7","","5N-GND-CTSY-LP","B","1.0"
"ILC4B","C-70909","26","","5N-GND-CTSY-LP","B","1.0"
"ILC4B","C-70909","16","DOOR_ECU_CAN_H","DOOR_ECU_CAN_H","B","0.75","MC3316"
"ILC4B","C-70909","12","",""
"ILC4B","C-70909","11","","5N-CTSY-LP","LG","0.5"
"ILC4B","C-70909","13","","8N-WINDOW-UP-PASS","Y","2.5"
"ILC2B","C-70909","26","",""
"ILC2B","C-70909","14","",""
"ILC2B","C-70909","6","","5N-GND-CTSY-LP","B","1.0"
"ILC2B","C-70909","1","",""
"ILC2B","C-70909","10","","7N-POWER-MIRROR-LT","W","0.5"
"ILC2B","C-70909","22","",""
"ILC2B","C-70909","2","",""
"ILC2B","C-70909","23","",""
"ILC2B","C-70909","5","",""
"ILC2B","C-70909","19","",""
"ILC2B","C-70909","18","",""
"ILC2B","C-70909","7","",""
"ILC2B","C-70909","17","",""
"ILC2B","C-70909","3","",""
"ILC2B","C-70909","15","",""
"ILC2B","C-70909","24","",""
"ILC2B","C-70909","25","","7N-POWER-MIRROR-RT","W","0.5"
"ILC2B","C-70909","21","",""
"ILC2B","C-70909","8","",""
"ILC2B","C-70909","16","",""
"ILC2B","C-70909","4","",""
"ILC2B","C-70909","11","","7N-POWER-MIRROR-DN","W","0.5"
"ILC2B","C-70909","20","",""
"ILC2B","C-70909","12","",""
"ILC2B","C-70909","13","","7N-POWER-MIRROR-UP","W","0.5"
"ILC2B","C-70909","9","",""
"ILC3B","C-70909","19","",""
"ILC3B","C-70909","24","","7N-POWER-MIRROR-LT","W","0.5"
"ILC3B","C-70909","22","",""
"ILC3B","C-70909","14","",""
"ILC3B","C-70909","15","",""
"ILC3B","C-70909","16","",""
"ILC3B","C-70909","17","",""
"ILC3B","C-70909","9","",""
"ILC3B","C-70909","12","",""
"ILC3B","C-70909","26","","7N-POWER-MIRROR-DN","W","0.5"
"ILC3B","C-70909","7","",""
"ILC3B","C-70909","10","",""
"ILC3B","C-70909","6","",""
"ILC3B","C-70909","1","",""
"ILC3B","C-70909","3","",""
"ILC3B","C-70909","4","",""
"ILC3B","C-70909","2","",""
"ILC3B","C-70909","8","",""
"ILC3B","C-70909","20","","7N-POWER-MIRROR-UP","W","0.5"
"ILC3B","C-70909","5","",""
"ILC3B","C-70909","25","","7N-POWER-MIRROR-RT","W","0.5"
"ILC3B","C-70909","23","",""
"ILC3B","C-70909","11","",""
"ILC3B","C-70909","13","","5N-GND-CTSY-LP","B","1.0"
"ILC3B","C-70909","21","",""
"ILC3B","C-70909","18","",""
"ILC10B","","1","","2N-SPKR-LT-1","Y/B","0.75","MC3331"
"ILC10B","","2","","2N-SPKR-LT-2","Y/G","0.75","MC3331"
"ILC9B","","2","","2N-SPKR-RT-2","R/W","0.75","MC3328"
"ILC9B","","1","","2N-SPKR-RT-1","B/W","0.75","MC3328"
"ILC5B","","1","","1N-ENGBATT-1","R","2.5"
"ILC5B","","2","","1N-ENGIGN-1","K","1.5"
"ILC6B","C-70909","8","","4N-POWER-1","Y","1.0"
"ILC6B","C-70909","15","","10N-BCMBATT-1","U","1.5"
"ILC6B","C-70909","4","","2N-POWER-1","U","0.35"
"ILC6B","C-70909","7","","10N-BCMRUN-1","K","1.5"
"ILC6B","C-70909","21","","2N-POWER-2","N","0.5"
"ILC6B","C-70909","2","","2N-POWER-4","R","0.5"
"ILC6B","C-70909","18","","5N-POWER-1","O","0.5"
"ILC6B","C-70909","20","","2N-POWER-5","S","1.0"
"ILC6B","C-70909","13","","PWR-BATT","R","8.0"
"ILC6B","C-70909","23","",""
"ILC6B","C-70909","24","",""
"ILC6B","C-70909","19","","2N-POWER-3","K","1.5"
"ILC6B","C-70909","6","","10N-HORN-1","LG","0.75"
"ILC6B","C-70909","26","","3N-PARKFT-1","O","0.75"
"ILC6B","C-70909","17","","3N-FOG-2","U","1.0"
"ILC6B","C-70909","3","","7N-8N-POWER","U/W","2.5"
"ILC6B","C-70909","14","","6N-POWER-1","R/W","1.5"
"ILC6B","C-70909","5","","3N-POWER-3","O","1.0"
"ILC6B","C-70909","25","","3N-POWER-1","R","1.0"
"ILC6B","C-70909","22","","PWR-IGN-ACC","U","8.0"
"ILC6B","C-70909","12","",""
"ILC6B","C-70909","1","","PWR-IGN-RUN","K","8.0"
"ILC6B","C-70909","10","","3N-CONTROL-1","O","1.0"
"ILC6B","C-70909","9","","3N-GND-FOG","B","0.75"
"ILC6B","C-70909","16","","3N-TURNRTFT-1","K","0.75"
"ILC6B","C-70909","11","",""
"ILC1A","C-70909","14","",""
"ILC1A","C-70909","22","",""
"ILC1A","C-70909","7","","2N-SPKR-LF-1","B/W","0.75","MC3321"
"ILC1A","C-70909","11","","6N-POWER-LOCKOUT","P","1.5"
"ILC1A","C-70909","13","","8N-WINDOW-DWN-PASS","Y","2.5"
"ILC1A","C-70909","16","","4N-POWER-1","Y","1.0"
"ILC1A","C-70909","10","","4N-FUEL-LID","G","1.0"
"ILC1A","C-70909","25","","7N-8N-POWER","U/W","2.5"
"ILC1A","C-70909","9","","5N-GND-CTSY-LP","B","1.0"
"ILC1A","C-70909","17","",""
"ILC1A","C-70909","2","","4N-TRUNK","K","1.0"
"ILC1A","C-70909","5","",""
"ILC1A","C-70909","23","","8N-WINDOW-UP-PASS","Y","2.5"
"ILC1A","C-70909","26","",""
"ILC1A","C-70909","6","","6N-PASS-DOOR-LOCK","P","1.5"
"ILC1A","C-70909","3","","DOOR_ECU_CAN_L","R","0.75","MC3314"
"ILC1A","C-70909","19","","6N-POWER-1","R/W","1.5"
"ILC1A","C-70909","4","","DOOR_ECU_CAN_H","B","0.75","MC3314"
"ILC1A","C-70909","20","","2N-SPKR-LF-2","G/B","0.75","MC3321"
"ILC1A","C-70909","8","",""
"ILC1A","C-70909","21","","5N-POWER-1","O","0.5"
"ILC1A","C-70909","1","","5N-CTSY-LP","LG","0.5"
"ILC1A","C-70909","12","","5N-GND-CTSY-LP","B","1.0"
"ILC1A","C-70909","15","",""
"ILC1A","C-70909","18","","6N-PASS-DOOR-UNLOCK","U","1.5"
"ILC1A","C-70909","24","",""
"ILC10A","","1","","2N-SPKR-LT-1","Y/B","0.75","MC3330"
"ILC10A","","2","","2N-SPKR-LT-2","Y/G","0.75","MC3330"
"ILC7A","","20","","PWR-BATT","R","8.0"
"ILC7A","","14","",""
"ILC7A","","9","",""
"ILC7A","","2","","3N-PARKFT-1","O","0.75"
"ILC7A","","16","",""
"ILC7A","","10","","CAN_1","S","0.35","MC3336"
"ILC7A","","4","",""
"ILC7A","","7","","3N-POWER-3","O","1.0"
"ILC7A","","12","",""
"ILC7A","","19","","CAN_2","O","0.35","MC3336"
"ILC7A","","13","",""
"ILC7A","","15","","CAN_2","O","0.35","MC3337"
"ILC7A","","11","","2N-POWER-2","N","0.5"
"ILC7A","","18","","3N-TURNLTFT-1","N","0.75"
"ILC7A","","3","","3N-GND-FOG","B","0.75"
"ILC7A","","6","",""
"ILC7A","","1","","CAN_1","S","0.35","MC3337"
"ILC7A","","8","","3N-FOG-2","U","1.0"
"ILC7A","","5","","9N-GND-AIRBAG_ECU","B","0.5"
"ILC7A","","17","",""
"ILC7B","C-61279","19","","CAN_2","O","0.35","MC3335"
"ILC7B","C-61279","17","",""
"ILC7B","C-61279","12","",""
"ILC7B","C-61279","14","",""
"ILC7B","C-61279","11","","2N-POWER-2","N","0.5"
"ILC7B","C-61279","3","","3N-GND-FOG","B","0.75"
"ILC7B","C-61279","15","","CAN_2","O","0.35","MC3338"
"ILC7B","C-61279","13","",""
"ILC7B","C-61279","10","","CAN_1","S","0.35","MC3335"
"ILC7B","C-61279","5","","9N-GND-AIRBAG_ECU","B","0.5"
"ILC7B","C-61279","18","","3N-TURNLTFT-1","N","0.75"
"ILC7B","C-61279","2","","3N-PARKFT-1","O","0.75"
"ILC7B","C-61279","1","","CAN_1","S","0.35","MC3338"
"ILC7B","C-61279","9","",""
"ILC7B","C-61279","4","",""
"ILC7B","C-61279","8","","3N-FOG-2","U","1.0"
"ILC7B","C-61279","6","",""
"ILC7B","C-61279","7","","3N-POWER-3","O","1.0"
"ILC7B","C-61279","20","","PWR-BATT","R","8.0"
"ILC7B","C-61279","16","",""
"ILC3A","C-70908","17","",""
"ILC3A","C-70908","26","","7N-POWER-MIRROR-DN","W","0.5"
"ILC3A","C-70908","24","","7N-POWER-MIRROR-LT","W","0.5"
"ILC3A","C-70908","21","",""
"ILC3A","C-70908","11","",""
"ILC3A","C-70908","9","",""
"ILC3A","C-70908","23","",""
"ILC3A","C-70908","12","",""
"ILC3A","C-70908","6","",""
"ILC3A","C-70908","15","",""
"ILC3A","C-70908","22","",""
"ILC3A","C-70908","14","",""
"ILC3A","C-70908","2","",""
"ILC3A","C-70908","19","",""
"ILC3A","C-70908","10","",""
"ILC3A","C-70908","20","","7N-POWER-MIRROR-UP","W","0.5"
"ILC3A","C-70908","13","","5N-GND-CTSY-LP","B","1.0"
"ILC3A","C-70908","1","",""
"ILC3A","C-70908","18","",""
"ILC3A","C-70908","3","",""
"ILC3A","C-70908","4","",""
"ILC3A","C-70908","5","",""
"ILC3A","C-70908","16","",""
"ILC3A","C-70908","25","","7N-POWER-MIRROR-RT","W","0.5"
"ILC3A","C-70908","7","",""
"ILC3A","C-70908","8","",""
"ILC8A","C-81440-D","26","","2N-SPKR-RR-2","R/W","0.75","MC3322"
"ILC8A","C-81440-D","39","",""
"ILC8A","C-81440-D","18","","3N-TURNRTRR-1","S","0.75"
"ILC8A","C-81440-D","32","","2N-SPKR-LT-2","Y/G","0.75","MC3329"
"ILC8A","C-81440-D","6","","2N-AUX_AUDIO-1","B/W","0.35"
"ILC8A","C-81440-D","4","","2N-AUX-CTL-1","N/W","0.35"
"ILC8A","C-81440-D","22","","10-AJARLTRR-1","U","0.35"
"ILC8A","C-81440-D","9","","2N-AUX_AUDIO-4","B/U","0.35"
"ILC8A","C-81440-D","5","","2N-AUX-CTL-2","N/O","0.35"
"ILC8A","C-81440-D","8","","2N-AUX_AUDIO-3","B/R","0.35"
"ILC8A","C-81440-D","20","","4N-TRUNK","K","1.0"
"ILC8A","C-81440-D","37","",""
"ILC8A","C-81440-D","35","",""
"ILC8A","C-81440-D","33","",""
"ILC8A","C-81440-D","24","","10-AJARRTRR-1","P","0.35"
"ILC8A","C-81440-D","27","","2N-SPKR-LR-1","G/B","0.75","MC3324"
"ILC8A","C-81440-D","11","","2N-POWER-3","K","1.5"
"ILC8A","C-81440-D","15","","3N-STOP-1","O","0.5"
"ILC8A","C-81440-D","19","","4N-FUEL-LID","G","1.0"
"ILC8A","C-81440-D","2","","2N-AUDIO-LEFT","G/O","0.35"
"ILC8A","C-81440-D","3","","2N-AUDIO-RIGHT","G/B","0.35"
"ILC8A","C-81440-D","28","","2N-SPKR-LR-2","Y/B","0.75","MC3324"
"ILC8A","C-81440-D","1","","2N-AUDIO-COMMON","G/W","0.35"
"ILC8A","C-81440-D","30","","2N-SPKR-RT-2","R/W","0.75","MC3326"
"ILC8A","C-81440-D","36","",""
"ILC8A","C-81440-D","21","","10-AJARLT-1","LG","0.35"
"ILC8A","C-81440-D","10","","2N-GND-1","B","0.35"
"ILC8A","C-81440-D","29","","2N-SPKR-RT-1","B/W","0.75","MC3326"
"ILC8A","C-81440-D","25","","2N-SPKR-RR-1","U/W","0.75","MC3322"
"ILC8A","C-81440-D","13","","2N-SBWFR-2","U","1.0"
"ILC8A","C-81440-D","14","","3N-PARKRR-1","Y","0.75"
"ILC8A","C-81440-D","17","","3N-TURNLTRR-1","P","0.75"
"ILC8A","C-81440-D","40","",""
"ILC8A","C-81440-D","7","","2N-AUX_AUDIO-2","B/O","0.35"
"ILC8A","C-81440-D","38","",""
"ILC8A","C-81440-D","12","","2N-SBWFR-1","B","1.0"
"ILC8A","C-81440-D","23","","10-AJARRT-1","N","0.35"
"ILC8A","C-81440-D","31","","2N-SPKR-LT-1","Y/B","0.75","MC3329"
"ILC8A","C-81440-D","34","",""
"ILC8A","C-81440-D","16","","3N-STOP-2","Y","0.5"
"ILC6A","C-70908","3","","7N-8N-POWER","U/W","2.5"
"ILC6A","C-70908","11","",""
"ILC6A","C-70908","25","","3N-POWER-1","R","1.0"
"ILC6A","C-70908","5","","3N-POWER-3","O","1.0"
"ILC6A","C-70908","8","","4N-POWER-1","Y","1.0"
"ILC6A","C-70908","10","","3N-CONTROL-1","O","1.0"
"ILC6A","C-70908","20","","2N-POWER-5","S","1.0"
"ILC6A","C-70908","26","","3N-PARKFT-1","O","0.75"
"ILC6A","C-70908","16","","3N-TURNRTFT-1","K","0.75"
"ILC6A","C-70908","23","",""
"ILC6A","C-70908","19","","2N-POWER-3","K","1.5"
"ILC6A","C-70908","6","","10N-HORN-1","LG","0.75"
"ILC6A","C-70908","12","",""
"ILC6A","C-70908","15","","10N-BCMBATT-1","U","1.5"
"ILC6A","C-70908","9","","3N-GND-FOG","B","0.75"
"ILC6A","C-70908","21","","2N-POWER-2","N","0.5"
"ILC6A","C-70908","7","","10N-BCMRUN-1","K","1.5"
"ILC6A","C-70908","22","","PWR-IGN-ACC","U","8.0"
"ILC6A","C-70908","14","","6N-POWER-1","R/W","1.5"
"ILC6A","C-70908","1","","PWR-IGN-RUN","K","8.0"
"ILC6A","C-70908","24","",""
"ILC6A","C-70908","18","","5N-POWER-1","O","0.5"
"ILC6A","C-70908","17","","3N-FOG-2","U","1.0"
"ILC6A","C-70908","2","","2N-POWER-4","R","0.5"
"ILC6A","C-70908","4","","2N-POWER-1","U","0.35"
"ILC6A","C-70908","13","","PWR-BATT","R","8.0"
"ILC5A","","1","","1N-ENGBATT-1","R","2.5"
"ILC5A","","2","","1N-ENGIGN-1","K","1.5"
